STATEID	STATE	NUMREC	TOTBEG	ENDISREL	ENMANREL	ENREINST	ENRELTSR	OTHEN	ENUNK	TOTEN	EXCOM	EXINCNEW	EXINCREV	EXTREAT	EXINCOTH	EXINCUNK	EXABSND	EXTRANS	EXDTH	EXOTHCOM	EXUNSAT	EXOTH	EXUNK	TOTEX	TOTEND	INORCASE	OUTST	OUTSTNUM	OUTSTIN	ANOTHST	ANOTHSTNUM	MAXYEAR	MAXMORE	MAXUNK	TOTMAX	MALE	FEML	GENDUNK	TOTGEND	WHITE	BLACK	HISP	AMINALK	ASIAN	HAWPAC	TWORACE	ADDRACE	UNKRACE	TOTRACE	SXASLT	OTHVIOL2	PROPERTY	DRUG	WEAPON	OTHOFF	OFFUNK	TOTOFF	ACTIVE	FINONLY	INACTIVE	ABSND	OUTSTATE	OTHSTAT	STATUNK	TOTSTAT	HLDFAC	PROBAT	JAIL	PRISON	ICE	RELDISC	RELMAN	RELSPEC	RELTSR	OTHREL	RELUNK	TOTREL	GPS	GPSNUM	GPSSXNUM	UNKEN	UNKEX	UNKINCASE	UNKMAX	UNKGEND	UNKRACE2	UNKOFF	UNKSTAT	UNKREL	INDS	CASES	OUTSTINCL	OUTSTEXCL	ESTOTBEG	ESENDISREL	ESENMANREL	ESENREINST	ESENRELTSR	ESOTHEN	ESENUNK	ESTOTEN	ESEXCOM	ESEXINCNEW	ESEXINCREV	ESEXTREAT	ESEXINCOTH	ESEXINCUNK	ESEXABSND	ESEXTRANS	ESEXDTH	ESEXOTHCOM	ESEXUNSAT	ESEXOTH	ESEXUNK	ESTOTEX	ESTOTEND	ESOUTSTNUM	ESANSTNUM	ESMAXYEAR	ESMAXMORE	ESMAXUNK	ESTOTMAX	ESMALE	ESFEML	ESGENDUNK	ESTOTGEND	ESWHITE	ESBLACK	ESHISP	ESAMINALK	ESASIAN	ESHAWPAC	ESTWORACE	ESADDRACE	ESUNKRACE	ESTOTRACE	ESSXASLT	ESOTHVIOL2	ESPROPERTY	ESDRUG	ESWEAPON	ESOTHOFF	ESOFFUNK	ESTOTOFF	ESACTIVE	ESFINONLY	ESINACTIVE	ESABSND	ESOUTSTATE	ESOTHSTAT	ESSTATUNK	ESTOTSTAT	ESPROBAT	ESJAIL	ESPRISON	ESICE	ESRELDISC	ESRELMAN	ESRELSPEC	ESRELTSR	ESOTHREL	ESRELUNK	ESTOTREL	ESGPSNUM	ESGPSSXNUM	SUPVRATE
0	FE	1	100598	628	515	46	46684	0	0	47873	18592	2181	9939	0	80	0	1367	20	530	4596	1267	422	3925	42919	105552	1	-9	-8	-8	2	-8	12233	93249	70	105552	89482	16000	70	105552	36446	40464	23210	2168	2692	265	-9	0	307	105552	3331	3053	17931	56373	13820	10781	263	105552	105552	0	0	0	0	0	0	105552	2	-8	-8	-8	-8	1989	140	-9	103423	0	0	105552	1	389	114	0	0	0	0	0	0	0	0	0	105552	0	0	0	2	2	2	2	2	2	2	2	2	2	2	2	2	2	2	2	2	2	2	2	2	2	2	0	2	2	2	2	2	2	2	2	2	2	2	2	2	2	2	0	2	2	2	2	2	2	2	2	2	2	2	2	2	2	2	2	2	2	2	2	2	2	2	2	2	0	2	2	2	2	1	1	45
1	AL	2	8429	-9	-9	-9	-9	60	2964	3024	1582	276	223	-9	23	0	0	-9	100	5	0	228	10	2447	9006	1	1	498	1	1	990	2192	6814	0	9006	7870	1097	39	9006	3485	5416	40	3	11	-9	-9	0	51	9006	-9	-9	-9	-9	-9	35	8971	9006	5325	349	2427	402	498	0	5	9006	1	35	110	-8	-8	-9	-9	-9	-9	40	8966	9006	2	-8	-8	0	0	0	0	0	0	0	0	0	9006	0	498	0	2	2	2	2	2	2	2	2	2	2	2	2	2	2	2	2	2	2	2	2	2	2	2	2	2	2	2	2	2	2	2	2	2	2	2	2	2	2	2	2	2	2	2	2	2	2	2	2	2	2	2	2	2	2	2	2	2	2	2	2	2	2	2	2	2	2	2	2	2	2	2	2	249
2	AK	1	1923	23	544	25	-9	-9	1	593	164	37	66	-9	128	-9	1	4	11	-9	-9	-9	16	427	2089	1	2	-8	-8	1	-9	110	1979	0	2089	1789	291	9	2089	1292	217	66	423	75	-9	-9	-9	16	2089	267	483	216	301	15	6	801	2089	-9	-9	-9	-9	-9	-9	2089	2089	2	-8	-8	-8	-8	108	1981	-9	-9	-9	-9	2089	2	-8	-8	0	0	0	0	0	0	0	0	0	2089	0	0	0	2	2	2	2	2	2	2	2	2	2	2	2	2	2	2	2	2	2	2	2	2	2	2	2	0	1	1	2	2	2	2	2	2	2	2	2	2	2	2	2	2	2	2	2	2	2	2	2	2	2	2	2	2	2	2	2	2	2	2	2	2	2	2	1	1	2	2	2	2	2	2	2	393
4	AZ	1	8186	42	171	375	10853	1439	0	12880	6868	263	3106	0	0	0	0	0	0	624	2212	0	0	13073	7993	1	1	293	1	1	515	1174	6819	0	7993	6846	1147	0	7993	3427	1051	2984	423	26	0	0	66	16	7993	326	1782	2229	2356	350	950	0	7993	5432	0	713	850	293	705	0	7993	1	-8	705	-8	-8	162	6697	0	0	1134	0	7993	1	126	114	0	0	0	0	0	0	0	0	0	7993	0	293	0	2	2	2	2	2	2	2	2	2	2	2	2	2	2	2	2	2	2	2	2	2	2	2	2	2	2	2	2	2	2	2	2	2	2	2	2	2	2	2	2	2	2	2	2	2	2	2	2	2	2	2	2	2	2	2	2	2	2	2	2	2	2	2	2	2	2	2	2	2	2	2	2	161
5	AR	1	21077	9051	-9	-9	-9	344	0	9395	4252	1200	1474	-9	0	0	183	657	145	1455	0	0	0	9366	21106	1	1	1355	1	2	-8	2	-9	21104	21106	18060	3046	0	21106	11763	8558	659	41	61	-9	-9	19	5	21106	687	4660	5555	7345	274	2585	0	21106	13286	-9	4576	1889	1355	0	0	21106	1	-9	247	52	-9	21106	-9	-9	-9	-9	-9	21106	2	-8	-8	0	0	0	0	0	0	0	0	0	21106	0	1355	0	2	2	0	0	0	2	2	2	2	2	2	0	2	2	2	2	2	2	2	2	2	2	2	2	2	2	0	2	2	2	2	2	2	2	2	2	2	2	0	0	2	2	2	2	2	2	2	2	2	2	2	2	0	2	2	2	2	2	2	0	2	2	0	2	0	0	0	0	0	2	2	2	957
6	CA	2	106371	8	123447	36031	0	6854	0	166340	48385	17008	55640	0	-9	0	40191	1075	660	0	0	4823	-9	167782	105133	1	1	757	2	1	1478	0	105133	0	105133	93310	11823	0	105133	32197	29179	38463	898	439	482	-9	3475	0	105133	23872	5481	31834	29851	0	14095	0	105133	89178	0	15955	-7	-7	0	0	105133	1	-8	242	-8	4603	16	105117	0	0	0	0	105133	1	7585	6654	0	0	0	0	0	0	0	0	0	105133	0	0	757	2	2	2	2	2	2	2	2	2	2	2	2	0	2	2	2	2	2	2	2	0	2	2	2	2	2	2	2	2	3	3	2	2	3	3	3	3	3	3	0	1	0	2	3	3	3	3	2	3	2	2	3	2	3	2	2	2	2	2	2	2	2	2	2	2	2	2	2	2	2	2	2	376
8	CO	1	11655	2417	3744	2612	0	205	0	8978	4441	1018	4028	0	0	0	0	56	69	7	0	0	0	9619	11014	1	1	1980	1	1	304	-9	-9	11014	11014	9431	1583	0	11014	5119	1828	3711	243	108	-9	-9	-8	5	11014	338	2552	3211	3233	445	1235	0	11014	8320	-8	-8	714	1980	-8	-8	11014	1	-8	1001	-8	-8	4793	5917	-8	-8	304	-8	11014	1	1558	140	0	0	0	0	0	0	0	0	0	11014	0	1980	0	2	2	2	2	2	2	2	2	2	2	2	2	2	2	2	2	2	2	2	2	2	2	2	2	2	0	0	2	2	2	2	2	2	2	2	2	2	2	0	0	0	2	2	2	2	2	2	2	2	2	2	2	0	0	2	2	0	0	2	0	2	0	2	2	2	0	0	2	0	2	2	2	283
9	CT	1	2873	2599	0	-9	814	0	0	3413	1975	0	0	0	1259	0	158	0	-9	0	0	0	0	3392	2894	1	1	230	1	2	-8	0	2894	0	2894	2478	186	230	2894	675	1246	726	4	13	-8	-8	0	230	2894	26	165	295	820	108	297	1183	2894	2664	0	0	0	230	0	0	2894	1	-9	-9	7	50	1941	0	0	953	0	0	2894	1	213	62	0	0	0	0	0	0	0	0	0	2894	0	230	0	2	2	2	0	2	2	2	2	2	2	2	2	2	2	2	2	0	2	2	2	2	2	2	2	2	2	2	2	2	2	2	2	2	2	2	2	2	2	0	0	2	2	2	2	2	2	2	2	2	2	2	2	2	2	2	2	2	2	2	0	0	2	2	2	2	2	2	2	2	2	2	2	106
10	DE	1	519	-9	-9	-9	-9	-9	516	516	293	-9	-9	-9	-9	-9	-9	-9	7	0	77	98	-9	475	560	1	1	55	1	1	167	-9	-9	-9	560	516	44	0	560	234	310	14	0	0	0	0	0	2	560	49	131	68	94	30	188	0	560	498	0	0	7	55	0	0	560	1	-9	-9	-9	-9	-9	-9	-9	-9	-9	-9	560	1	-9	-9	0	0	0	560	0	0	0	0	560	560	0	55	0	2	0	0	0	0	0	0	2	2	0	0	0	0	0	0	0	2	2	2	2	0	2	2	2	2	0	0	0	2	2	2	2	2	2	2	2	2	2	2	2	2	2	2	2	2	2	2	2	2	2	2	2	2	2	2	2	2	2	2	0	0	0	0	0	0	0	0	0	0	2	0	0	81
11	DC	1	5992	615	0	0	1607	0	0	2222	942	-9	-9	-9	-9	500	0	173	74	0	82	272	0	2043	6171	1	1	18	1	-9	-8	0	6171	0	6171	5659	512	0	6171	66	5963	116	2	8	0	0	15	1	6171	297	1874	613	2654	355	269	109	6171	4272	0	30	446	18	1405	0	6171	1	442	-8	691	83	2381	0	0	3790	0	0	6171	1	398	48	0	0	0	0	0	0	0	0	0	6171	0	18	0	2	2	2	2	2	2	2	2	2	0	0	0	0	2	2	2	2	2	2	2	2	2	2	2	0	2	2	2	2	2	2	2	2	2	2	2	2	2	2	2	2	2	2	2	2	2	2	2	2	2	2	2	2	2	2	2	2	2	2	2	2	2	2	2	2	2	2	2	2	2	2	2	1235
12	FL	1	4323	58	5954	1	508	7	0	6528	4670	365	840	-9	0	0	-8	6	60	0	0	660	157	6758	4093	1	1	231	1	1	26	179	3914	0	4093	3917	176	0	4093	1408	2264	399	6	6	5	5	0	0	4093	327	1987	920	561	114	184	0	4093	2574	-9	868	420	231	0	0	4093	1	-8	17	294	32	762	3267	6	58	0	0	4093	1	235	196	0	0	0	0	0	0	0	0	0	4093	0	231	0	2	2	2	2	2	2	2	2	2	2	2	0	2	2	0	2	2	2	2	2	2	2	2	2	2	2	2	2	2	2	2	2	2	2	2	2	2	2	2	2	2	2	2	2	2	2	2	2	2	2	2	2	0	2	2	2	2	2	2	2	2	2	2	2	2	2	2	2	2	2	2	2	28
13	GA	1	23709	13622	0	-9	0	0	0	13622	8583	5	2491	9	900	26	90	0	68	0	0	0	68	12240	25091	1	1	3445	1	2	-8	0	25091	0	25091	22428	2647	16	25091	9285	14842	858	17	26	0	0	33	30	25091	412	5601	6833	10177	1252	428	388	25091	21089	0	0	557	3445	0	0	25091	1	-9	3068	80	-8	25091	0	-9	-9	0	0	25091	1	201	201	0	0	0	0	0	0	0	0	0	25091	0	3445	0	2	2	2	0	2	2	2	2	2	2	2	2	2	2	2	2	2	2	2	2	2	2	2	2	2	2	2	2	2	2	2	2	2	2	2	2	2	2	2	2	2	2	2	2	2	2	2	2	2	2	2	2	2	2	2	2	2	2	2	0	2	2	2	2	2	0	2	2	2	2	2	2	341
15	HI	1	1831	814	0	0	0	0	0	814	235	2	231	0	0	0	0	0	20	72	0	0	235	795	1850	1	1	133	1	1	48	0	1850	0	1850	1575	275	0	1850	-9	-9	-9	-9	-9	-9	-9	-9	1850	1850	-9	-9	-9	-9	-9	-9	1850	1850	1517	0	0	65	133	135	0	1850	1	-8	27	106	133	1850	0	0	0	0	0	1850	2	-8	-8	0	0	0	0	0	0	0	0	0	1850	0	133	0	2	2	2	2	2	2	2	2	2	2	2	2	2	2	2	2	2	2	2	2	2	2	2	2	2	2	2	2	2	2	2	2	2	0	0	0	0	0	0	0	0	2	2	0	0	0	0	0	0	2	2	2	2	2	2	2	2	2	2	2	2	2	2	2	2	2	2	2	2	2	2	2	183
16	ID	1	3447	1522	-8	341	-8	-8	0	1863	465	191	438	-8	-8	0	-8	-8	9	1	249	-8	0	1353	3957	1	1	496	1	1	151	0	3957	0	3957	3399	558	0	3957	2882	82	813	79	26	-8	-8	26	49	3957	482	939	997	1322	0	217	0	3957	2995	-9	455	0	496	-8	11	3957	1	-8	-8	7	-8	3957	-8	-8	-8	-8	0	3957	1	8	7	0	0	0	0	0	0	0	0	0	3957	0	496	0	2	2	0	2	0	0	2	2	2	2	2	0	0	2	0	0	2	2	2	0	2	2	2	2	2	2	2	2	2	2	2	2	2	2	2	2	2	2	0	0	2	2	2	2	2	2	2	2	2	2	2	2	0	2	2	2	0	2	2	2	2	2	2	2	0	0	0	0	2	2	2	2	344
17	IL	1	33162	12	24781	463	-8	965	357	26578	16716	2483	11448	-8	-8	-8	1252	954	46	0	0	0	832	33731	26009	1	1	2541	1	2	-8	2302	23690	17	26009	23683	2326	0	26009	7192	14989	3696	42	76	-9	-9	-8	14	26009	525	5520	7748	9921	1747	548	-8	26009	23468	0	-8	-8	2541	-8	-8	26009	2	-8	-8	-8	-8	71	25926	-8	-8	12	-8	26009	1	98	98	0	0	0	0	0	0	0	0	0	26009	0	2541	0	2	2	2	2	0	2	2	2	2	2	2	0	0	0	2	2	2	2	2	2	2	2	2	2	2	2	2	2	2	2	2	2	2	2	2	2	2	2	0	0	0	2	2	2	2	2	2	2	2	0	2	2	2	0	0	2	0	0	2	2	2	2	2	2	2	0	0	2	0	2	2	2	265
18	IN	1	10989	0	10607	0	0	0	0	10607	6375	794	1184	0	0	0	592	1650	51	0	0	78	0	10724	10872	1	1	562	2	2	-8	909	9963	0	10872	9616	1256	0	10872	6442	3839	524	21	9	4	4	0	29	10872	899	1741	2871	2508	329	2524	0	10872	10330	0	0	542	-7	0	0	10872	2	-8	-8	-8	-8	0	10872	0	0	0	0	10872	2	-8	-8	0	0	0	0	0	0	0	0	0	10872	0	0	562	2	2	2	2	2	2	2	2	2	2	2	2	2	2	2	2	2	2	2	2	2	2	2	2	2	2	2	2	2	2	2	2	2	2	2	2	2	2	2	2	2	2	2	2	2	2	2	2	2	2	2	2	2	2	2	2	2	2	2	2	2	2	2	2	2	2	2	2	2	2	2	2	223
19	IA	1	3259	-9	-9	-9	-9	-9	2312	2312	1431	-9	-9	-9	651	0	0	4	14	0	1	59	214	2374	3197	2	1	202	2	2	-8	-9	-9	3197	3197	2691	506	0	3197	2453	555	130	40	19	0	-8	0	0	3197	319	243	539	1366	12	718	0	3197	3197	-9	-8	0	-7	0	0	3197	2	-8	-8	-8	-8	-9	-9	-9	-9	-9	3197	3197	1	212	174	0	0	0	0	0	0	0	0	0	0	3197	0	202	2	0	0	0	0	0	2	2	2	0	0	0	2	2	2	2	2	2	2	2	1	2	2	2	2	0	0	2	2	2	2	2	2	2	2	2	2	2	2	0	2	2	2	2	2	2	2	2	2	2	2	2	0	0	2	0	2	2	2	2	2	2	2	0	0	0	0	0	2	2	2	2	138
20	KS	1	5010	135	7	107	3205	1339	-9	4793	2227	158	1065	-8	3	-9	1146	-9	34	-9	-9	107	-9	4740	5063	1	1	890	1	2	-8	-9	5063	-9	5063	4640	423	-9	5063	2948	1465	514	71	38	-9	-9	0	27	5063	882	1917	371	1093	-9	796	4	5063	4173	0	0	-7	890	0	0	5063	-9	-9	-9	-9	-9	652	0	0	4391	0	20	5063	1	180	160	0	0	0	0	0	0	0	0	0	5063	0	890	0	2	2	2	2	2	2	2	2	2	2	2	0	2	2	2	2	2	2	2	2	2	2	2	2	2	2	2	2	2	2	2	2	2	2	2	2	2	2	0	0	2	2	2	2	2	2	2	0	2	2	2	2	2	2	2	2	2	2	2	0	0	0	0	2	2	2	2	2	2	2	1	1	236
21	KY	1	12601	8350	0	488	-8	316	-8	9154	3306	442	2502	-8	-8	-8	464	317	95	-8	-8	1	0	7127	14628	1	1	289	1	1	590	665	13963	-9	14628	12087	2541	0	14628	10583	3841	118	11	22	-8	53	-8	-8	14628	344	2616	4736	6019	-9	913	0	14628	11636	-8	1136	818	289	749	0	14628	1	451	163	291	-9	14628	-8	0	0	0	0	14628	1	7	0	0	0	0	0	0	0	0	0	0	14628	0	289	0	2	2	2	2	0	2	0	2	2	2	2	0	0	0	2	2	2	0	0	2	0	2	2	1	2	2	2	2	2	2	2	2	2	2	2	2	2	2	0	2	0	0	2	2	2	2	2	0	2	2	2	2	0	2	2	2	2	2	2	2	2	2	0	2	0	2	2	2	2	2	2	2	438
22	LA	1	23607	922	14627	202	-9	4	0	15755	6792	1242	1090	-8	-8	65	-8	-8	115	718	3020	118	0	13160	26202	1	1	1084	1	1	783	168	25241	793	26202	23292	2910	-8	26202	9165	16899	78	6	32	21	-8	1	-8	26202	456	2721	7309	12545	-9	2940	231	26202	24579	0	-8	539	1084	-8	-8	26202	1	76	621	266	85	5924	20274	4	-9	-8	-8	26202	1	120	112	0	0	0	0	0	0	0	0	0	26202	0	1084	0	2	2	2	2	0	2	2	2	2	2	2	0	0	2	0	0	2	2	2	2	0	2	2	2	2	2	2	2	2	2	2	0	2	2	2	2	2	2	2	0	2	0	2	2	2	2	2	0	2	2	2	2	2	0	2	2	0	0	2	2	2	2	2	2	2	2	0	0	0	2	2	2	767
23	ME	1	32	1	0	0	0	0	0	1	0	0	0	0	0	-9	-9	1	0	-9	-9	-9	-9	1	32	1	1	3	1	2	-8	0	32	0	32	31	1	-9	32	32	0	0	0	0	0	0	0	0	32	0	32	0	0	0	0	0	32	29	0	0	0	3	0	-9	32	2	-8	-8	-8	-8	32	0	0	0	0	0	32	2	-8	-8	0	0	0	0	0	0	0	0	0	32	0	3	0	2	2	2	2	2	2	2	2	2	2	2	2	2	2	2	2	2	2	2	2	2	2	2	2	2	2	2	2	2	2	2	2	2	2	2	2	2	2	2	2	2	2	2	2	2	2	2	2	2	2	2	2	2	2	2	2	2	2	2	2	2	2	2	2	2	2	2	2	2	2	2	2	3
24	MD	1	13195	2767	3611	-9	-9	-9	-9	6378	3582	773	980	-9	-9	-9	-9	4	92	15	932	-9	-9	6378	13195	2	1	524	1	1	496	141	13054	-9	13195	12189	1006	-9	13195	3389	9738	-9	11	27	-9	-9	-9	30	13195	-9	5859	2173	4144	-9	1019	-9	13195	7203	-9	2485	2837	524	146	-9	13195	1	-8	-8	146	-8	6380	6815	-9	-9	-9	-9	13195	1	-9	-9	0	0	0	0	0	0	0	0	0	0	13195	524	0	1	1	1	2	2	2	2	1	1	1	1	2	2	2	2	1	1	1	1	2	2	1	1	1	1	1	1	2	2	1	1	2	1	1	1	0	1	1	2	2	2	1	1	0	1	1	1	0	1	2	1	1	0	1	1	1	1	2	1	2	2	1	2	1	1	0	0	2	2	1	0	0	299
25	MA	1	3253	4199	0	308	0	0	0	4507	3454	256	768	0	3	0	0	0	19	0	0	0	0	4500	3260	2	1	134	1	1	286	-9	-9	3260	3260	3019	241	0	3260	1652	796	709	5	45	0	0	0	53	3260	-9	-9	-9	-9	-9	-9	3260	3260	2981	0	0	145	134	0	0	3260	1	-8	141	212	60	3228	0	0	32	0	0	3260	1	157	77	0	0	0	0	0	0	0	0	0	0	3260	134	0	2	2	2	2	2	2	2	2	2	2	2	2	2	2	2	2	2	2	2	2	2	2	2	2	2	0	0	2	2	2	2	2	2	2	2	2	2	2	2	2	2	2	2	0	0	0	0	0	0	2	2	2	2	2	2	2	2	2	2	0	2	2	2	2	2	2	2	2	2	2	2	2	62
26	MI	1	24374	10604	755	778	-8	0	0	12137	7635	1793	2390	-8	-8	-8	-8	-8	207	-8	-8	-8	0	12025	24486	1	1	955	1	2	-8	0	24486	0	24486	22796	1690	0	24486	11729	11533	245	171	49	-8	-8	441	318	24486	3795	6832	10406	3453	-9	0	0	24486	21124	-8	-8	2407	955	0	0	24486	2	-8	-8	-8	-8	21878	2608	0	0	0	0	24486	1	3511	-9	0	0	0	0	0	0	0	0	0	24486	0	955	0	2	2	2	2	0	2	2	2	2	2	2	0	0	0	0	0	2	0	0	0	0	2	2	2	2	2	2	2	2	2	2	2	2	2	2	2	2	2	0	0	2	2	2	2	2	2	2	0	2	2	2	2	0	0	2	2	2	2	2	2	2	2	2	2	2	2	2	2	2	2	2	0	321
27	MN	1	5435	0	5706	0	0	0	0	5706	2913	222	1762	0	0	0	422	0	15	0	0	0	0	5334	5807	1	1	324	1	2	-8	0	5807	0	5807	5340	467	0	5807	3349	1512	461	360	125	0	0	0	0	5807	1223	947	534	2537	242	324	0	5807	5483	0	0	0	324	0	0	5807	2	-8	-8	-8	-8	0	1088	0	4395	324	0	5807	1	32	32	0	0	0	0	0	0	0	0	0	5807	0	324	0	2	2	2	2	2	2	2	2	2	2	2	2	2	2	2	2	2	2	2	2	2	2	2	2	2	2	2	2	2	2	2	2	2	2	2	2	2	2	2	2	2	2	2	2	2	2	2	2	2	2	2	2	2	2	2	2	2	2	2	2	2	2	2	2	2	2	2	2	2	2	2	2	143
28	MS	1	5426	3259	0	164	0	0	0	3423	1509	-9	-9	-9	821	0	47	16	22	0	0	0	0	2415	6434	1	1	178	1	2	-8	0	6434	0	6434	5300	1134	0	6434	2354	4035	32	3	7	0	0	0	3	6434	48	630	1575	4149	32	0	0	6434	6256	-9	-9	-9	178	0	0	6434	2	-8	-8	-8	-8	6391	-9	43	-9	0	0	6434	2	-8	-8	0	0	0	0	0	0	0	0	0	6434	0	178	0	2	2	2	2	2	2	2	2	2	0	0	0	2	2	2	2	2	2	2	2	2	2	2	2	2	2	2	2	2	2	2	2	2	2	2	2	2	2	2	2	2	2	2	2	2	2	2	2	2	2	2	2	0	0	0	2	2	2	2	2	2	2	2	2	0	2	0	2	2	2	2	2	292
29	MO	1	18857	8892	808	1107	-9	763	-9	11570	4620	319	2039	109	-9	-9	-9	-9	-9	3919	-9	-9	-9	11006	19421	1	1	1742	1	2	-8	0	19421	-9	19421	16512	2909	-9	19421	12424	6602	286	65	33	-9	-9	-9	11	19421	709	4355	6169	6522	300	1366	-9	19421	17261	0	-9	418	1742	-9	-9	19421	1	-9	-9	-9	-9	18181	1240	-9	-9	-9	-9	19421	1	38	13	0	0	0	0	0	0	0	0	0	19421	0	1742	0	2	2	2	2	2	2	2	2	2	2	2	2	2	2	2	2	2	2	2	2	2	2	2	2	2	2	2	2	2	2	2	2	2	2	2	2	2	2	2	2	2	2	2	2	2	2	2	2	2	2	2	2	2	2	2	2	2	2	2	0	0	0	0	2	2	2	2	2	2	2	2	2	421
30	MT	1	1007	580	-9	-9	-9	-9	-9	580	363	9	206	0	0	0	0	11	11	1	0	0	0	601	986	1	1	177	1	2	-8	-9	986	-9	986	871	115	-9	986	783	22	46	130	3	-9	1	1	-9	986	79	440	170	207	-9	87	3	986	693	-9	-9	14	177	102	-9	986	1	-9	15	102	-9	986	-9	-9	-9	-9	-9	986	2	-8	-8	0	0	0	0	0	0	0	0	0	986	0	177	0	2	2	2	2	2	2	2	2	2	2	2	2	2	2	2	2	2	2	2	2	2	2	2	2	2	2	2	2	2	2	2	2	2	2	2	2	2	2	2	2	2	2	2	2	2	2	2	2	2	2	2	2	2	2	2	2	2	2	2	0	2	2	0	2	2	2	2	2	2	2	2	2	129
31	NE	1	823	1133	-8	14	0	0	0	1147	808	30	188	-9	0	0	0	0	3	0	0	0	0	1029	941	1	1	75	1	2	-8	0	941	0	941	804	137	0	941	525	223	137	34	8	2	-9	12	0	941	25	143	256	320	8	189	-8	941	833	0	0	33	75	0	0	941	1	-9	-9	-9	-9	941	0	0	0	0	0	941	1	65	39	0	0	0	0	0	0	0	0	0	941	0	75	0	2	2	0	2	2	2	2	2	2	2	2	0	2	2	2	2	2	2	2	2	2	2	2	2	2	2	2	2	2	2	2	2	2	2	2	2	2	2	2	0	2	2	2	2	2	2	2	2	2	0	2	2	2	2	2	2	2	2	2	0	0	0	0	2	2	2	2	2	2	2	2	2	69
32	NV	1	4186	3334	1228	63	-8	0	0	4625	3283	266	156	-8	0	47	58	-8	37	0	0	0	0	3847	4964	1	1	375	1	2	-8	-9	-9	4964	4964	4455	509	0	4964	-9	-9	-9	-9	-9	-9	-9	-9	4964	4964	-9	-9	-9	-9	-9	-9	4964	4964	2800	-9	1478	311	375	0	0	4964	1	-9	-9	-9	-9	4385	579	-8	-8	0	0	4964	2	-8	-8	0	0	0	0	0	0	0	0	0	4964	0	375	0	2	2	2	1	0	2	2	2	2	1	1	0	2	1	2	0	2	2	2	2	2	2	2	2	2	0	0	2	2	1	1	2	2	0	0	0	0	0	0	0	0	2	2	0	0	0	0	0	0	2	2	2	0	2	2	2	2	2	2	0	0	0	0	1	1	0	0	2	2	2	2	2	250
33	NH	1	1883	1284	0	0	0	0	0	1284	560	-9	-9	-9	-8	623	-9	-9	11	0	0	0	0	1194	1973	1	1	240	1	1	73	0	1973	0	1973	1764	209	0	1973	1632	120	116	5	4	1	0	13	82	1973	-9	-9	-9	-9	-9	-9	1973	1973	1733	0	0	0	240	0	0	1973	2	-8	-8	-8	-8	1973	0	0	0	0	0	1973	2	-8	-8	0	0	0	0	0	0	0	0	0	1973	0	240	0	2	2	2	2	2	2	2	2	2	0	0	0	0	2	0	0	2	2	2	2	2	2	2	2	2	2	2	2	2	2	2	2	2	2	2	2	2	2	2	2	2	2	2	0	0	0	0	0	0	2	2	2	2	2	2	2	2	2	2	2	2	2	2	2	2	2	2	2	2	2	2	2	189
34	NJ	1	15356	6355	1828	-8	-8	-8	-8	8183	6028	196	1632	0	0	0	0	0	106	14	0	0	0	7976	15563	1	1	792	1	2	-8	630	14933	0	15563	14636	927	0	15563	4619	6785	3659	16	171	-9	-9	-9	313	15563	2538	3257	1475	3082	400	4811	0	15563	10801	0	3393	577	792	0	0	15563	1	-8	1264	425	1290	6247	9015	-8	-9	301	-9	15563	1	420	420	0	0	0	0	0	0	0	0	0	15563	0	792	0	2	2	2	0	0	0	0	2	2	2	2	2	2	2	2	2	2	2	2	2	2	2	2	2	2	2	2	2	2	2	2	2	2	2	2	2	2	2	0	0	2	2	2	2	2	2	2	2	2	2	2	2	2	2	2	2	2	2	2	2	2	2	2	2	2	0	2	2	2	2	2	2	232
35	NM	1	3157	-9	-9	-9	-9	-9	510	510	-9	-9	-9	-9	-9	-9	-9	-9	-9	-9	-9	-9	521	521	3146	1	1	469	1	1	498	-9	-9	3146	3146	2718	428	0	3146	862	213	1786	255	6	3	0	-9	21	3146	-9	-9	-9	-9	-9	-9	3146	3146	2414	0	263	-9	469	0	0	3146	1	1045	-8	-8	-8	-9	-9	-9	-9	-9	3146	3146	-9	-9	-9	0	0	0	0	0	0	0	0	0	3146	0	469	0	2	0	0	0	0	0	2	2	0	0	0	0	0	0	0	0	0	0	0	0	2	2	2	2	2	0	0	2	2	2	2	2	2	2	2	2	2	2	2	2	0	2	2	0	0	0	0	0	0	2	2	2	2	2	0	2	2	2	2	2	2	2	2	0	0	0	0	0	2	2	0	0	206
36	NY	1	49950	7050	6800	0	8750	861	0	23461	13934	1539	7549	1539	141	0	-8	-8	167	0	0	0	0	24869	48542	1	1	1341	1	2	-8	0	48542	0	48542	45430	3112	0	48542	9158	21610	16749	288	332	405	-8	0	0	48542	2543	20302	4402	18062	418	2815	0	48542	34367	-8	4	3975	1341	8855	0	48542	1	-8	5276	288	239	20014	8941	0	17858	1729	0	48542	1	433	247	0	0	0	0	0	0	0	0	0	48542	0	1341	0	2	2	2	2	2	2	2	2	2	2	2	2	2	2	0	0	2	2	2	2	2	2	2	2	2	2	2	2	2	2	2	2	2	2	2	2	2	2	2	0	2	2	2	2	2	2	2	2	2	2	2	2	0	2	2	2	2	2	2	2	2	2	2	2	2	2	2	2	2	2	2	2	319
37	NC	1	3544	427	998	-8	2408	0	0	3833	2790	118	216	-8	0	0	207	-8	34	228	22	0	141	3756	3621	1	1	79	1	2	-8	398	3223	0	3621	3433	188	0	3621	1263	2068	177	74	17	4	-9	0	18	3621	572	1807	234	87	9	912	0	3621	3441	-9	-8	101	79	0	0	3621	1	438	-9	-9	-9	355	830	-9	2436	0	0	3621	1	70	26	0	0	0	0	0	0	0	0	0	3621	0	79	0	1	1	1	0	2	2	2	2	2	2	2	0	2	2	2	0	2	2	2	2	2	2	2	2	2	1	2	2	2	2	2	2	2	2	2	2	2	2	2	0	2	2	2	2	2	2	2	2	2	2	2	2	0	0	2	2	2	2	2	2	0	0	0	1	1	0	2	2	2	2	2	2	50
38	ND	1	363	818	-9	-9	-9	-9	-9	818	579	17	142	-9	-9	-9	15	-9	1	-9	-9	-9	-9	754	427	1	1	90	1	2	-8	260	167	-9	427	347	80	-9	427	297	21	19	90	-9	-9	-9	-9	-9	427	-9	-9	-9	-9	-9	-9	427	427	337	-9	-9	-9	90	-9	-9	427	1	-9	-9	-9	-9	427	-9	-9	-9	-9	-9	427	1	10	-9	0	0	0	0	0	0	0	0	0	427	0	90	0	2	2	2	2	2	2	2	2	2	2	2	2	2	2	2	2	2	2	2	2	2	2	2	2	2	2	2	2	2	2	2	2	2	2	2	2	2	2	2	2	2	2	2	0	0	0	0	0	0	2	2	2	2	2	2	2	2	2	2	0	0	0	0	2	2	2	2	2	2	2	1	0	83
39	OH	1	14575	497	5923	235	0	0	0	6655	7665	687	129	0	0	0	241	0	120	0	0	312	0	9154	12076	1	1	489	1	2	-8	0	12076	0	12076	11037	1039	0	12076	6617	5313	96	12	6	0	0	0	32	12076	3091	5023	2209	1293	97	363	0	12076	11587	0	0	0	489	0	0	12076	2	-8	-8	-8	-8	3098	8489	0	0	489	0	12076	2	-8	-8	0	0	0	0	0	0	0	0	0	12076	0	489	0	2	2	2	2	2	2	2	2	2	2	2	2	2	2	2	2	2	2	2	2	2	2	2	2	2	2	2	2	2	2	2	2	2	2	2	2	2	2	2	2	2	2	2	2	2	2	2	2	2	2	2	2	2	2	2	2	2	2	2	2	2	2	2	2	2	2	2	2	2	2	2	2	136
40	OK	1	2970	596	0	0	0	0	0	596	811	54	44	0	0	0	-9	-9	30	0	0	0	0	939	2627	1	1	200	1	2	-8	139	2488	0	2627	2215	412	0	2627	1341	911	236	127	5	0	-9	7	-9	2627	14	424	397	1606	55	131	-9	2627	-9	-9	-9	-9	200	-9	2427	2627	2	-8	-8	-8	-8	2627	0	0	0	0	0	2627	1	-9	-9	0	0	0	0	0	0	0	0	0	2627	0	200	0	2	1	1	1	1	1	1	1	1	1	1	1	1	1	0	0	1	1	1	1	1	1	1	1	2	1	1	2	1	1	1	1	1	1	1	1	1	1	1	0	1	0	1	1	1	1	1	1	1	0	1	0	0	0	0	1	0	1	1	2	2	2	2	1	1	1	1	1	1	2	0	0	93
41	OR	1	22117	1178	7541	16	0	64	-9	8799	4831	853	1664	0	0	0	10	12	142	0	770	0	143	8425	22491	1	1	612	1	1	456	-9	22491	-9	22491	19550	2941	-9	22491	17088	1987	2683	493	231	-9	-9	-9	9	22491	3764	6113	5403	4893	-9	2318	-9	22491	14068	-9	1398	6396	612	-9	17	22491	2	-8	-8	-8	-8	2424	19329	-9	-9	-9	738	22491	2	-8	-8	0	0	0	0	0	0	0	0	0	22491	0	612	0	2	2	2	2	2	2	2	2	2	2	2	2	2	2	2	2	2	2	2	2	2	2	2	2	2	0	2	0	2	2	2	2	2	2	2	2	2	2	2	2	2	2	2	2	2	2	2	2	2	2	2	2	0	2	2	2	2	2	2	2	2	2	2	2	2	2	2	2	2	2	2	2	750
42	PA	2	96014	10325	0	2216	0	0	40615	53156	31150	6614	5488	0	0	0	1379	2058	789	100	116	514	5092	53300	95870	1	1	3679	1	2	-8	9366	18343	68161	95870	76047	19823	0	95870	54002	32872	7321	74	527	11	128	194	741	95870	2270	18237	21653	22028	890	21325	9467	95870	69573	0	7044	7616	3679	0	7958	95870	1	-9	89	4198	38	95870	0	0	0	0	0	95870	1	-9	-9	0	0	0	0	0	0	0	0	0	95870	0	3679	0	2	2	2	2	2	2	3	3	3	3	3	2	2	2	3	3	3	2	2	2	3	3	3	3	2	2	2	3	3	3	3	2	3	3	3	3	3	3	3	3	3	3	3	3	3	3	3	2	3	3	3	3	2	3	3	3	2	3	3	2	2	2	2	3	2	2	2	2	2	3	2	2	967
44	RI	1	537	488	-8	-8	-8	-8	-8	488	321	32	113	-9	0	0	0	-9	3	0	0	0	0	469	556	1	1	42	2	2	-8	28	528	0	556	515	41	0	556	324	122	97	4	8	-9	-9	0	1	556	41	274	93	112	13	20	3	556	-9	-9	-9	-9	-9	-9	556	556	2	-8	-8	-8	-8	556	-8	-8	-9	-9	-9	556	1	3	-9	0	0	0	0	0	0	0	0	0	556	0	0	42	2	2	0	0	0	0	0	2	2	2	2	0	2	2	2	0	2	2	2	2	2	2	2	2	2	2	2	2	2	2	2	2	2	2	2	2	2	2	0	0	2	2	2	2	2	2	2	2	2	2	2	0	0	0	0	2	0	2	2	2	2	2	2	2	0	0	0	0	0	2	2	0	67
45	SC	1	6419	2119	934	0	0	0	0	3053	2178	74	676	0	0	0	0	0	37	5	0	90	0	3060	6412	1	1	361	1	2	-8	-9	-9	6412	6412	5998	413	1	6412	2009	4333	43	2	5	19	0	0	1	6412	305	1394	3385	362	138	828	0	6412	4811	0	673	567	361	0	0	6412	1	543	-8	-8	-8	4916	1496	0	0	0	0	6412	1	127	115	0	0	0	0	0	0	0	0	0	6412	0	361	0	2	2	2	2	2	2	2	2	2	2	2	2	2	2	2	2	2	2	2	2	2	2	2	2	2	0	0	2	2	2	2	2	2	2	2	2	2	2	2	2	2	2	2	2	2	2	2	2	2	2	2	2	2	2	2	2	2	2	2	2	2	2	2	2	2	2	2	2	2	2	2	2	182
46	SD	1	2748	624	1082	-8	-8	-9	0	1706	788	140	559	-8	18	96	-8	-8	10	-9	-9	-9	-9	1611	2843	1	1	394	1	2	-8	-9	-9	2843	2843	2349	494	-9	2843	1884	162	95	702	-8	-8	-8	-9	-9	2843	-9	-9	-9	-9	-9	-9	2843	2843	2284	-8	-8	165	394	-9	-9	2843	1	-9	-9	-8	1	-9	-8	-8	-9	-9	2843	2843	1	8	8	0	0	0	0	0	0	0	0	0	2843	0	394	0	2	2	2	0	0	2	2	2	2	2	2	0	2	2	0	0	2	2	2	2	2	2	2	2	2	0	0	2	2	2	2	2	2	1	2	2	2	0	0	0	2	2	2	0	0	0	0	0	0	2	2	1	0	0	2	2	2	2	2	0	0	2	2	0	0	0	0	2	2	2	2	2	455
47	TN	1	11556	4295	4	270	0	26	0	4595	2482	729	542	0	0	0	0	0	101	0	0	0	0	3854	12157	1	1	510	1	1	987	1831	10326	0	12157	10652	1505	0	12157	6277	5541	297	14	27	0	0	0	1	12157	61	3035	2004	3318	64	1259	2416	12157	11430	-8	-8	217	510	-8	0	12157	1	-8	548	-8	-8	11765	13	-8	0	379	0	12157	1	114	112	0	0	0	0	0	0	0	0	0	12157	0	510	0	2	2	2	2	2	2	2	2	2	2	2	2	2	2	2	2	2	2	2	2	2	2	2	2	2	2	2	2	2	2	2	2	2	2	2	2	2	2	2	2	2	2	2	2	2	2	2	2	2	2	2	2	0	0	2	2	0	2	2	2	2	2	2	2	2	0	2	2	2	2	2	2	250
48	TX	1	104943	29850	1858	112	-8	1230	0	33050	25252	5423	1205	-8	0	0	-8	-8	1350	-8	-8	-8	0	33230	104763	1	1	3284	1	2	-8	0	104763	0	104763	94236	10527	0	104763	33326	39239	31691	48	271	-8	-8	146	42	104763	3678	20863	25158	41402	1578	12084	0	104763	79092	-8	11397	10990	3284	0	0	104763	1	2016	7509	6543	6037	77644	26928	-8	-8	189	2	104763	1	1733	768	0	0	0	0	0	0	0	0	0	104763	0	3284	0	1	1	1	1	0	1	2	1	1	1	1	0	2	2	0	0	1	0	0	0	0	2	2	1	2	2	1	2	1	1	1	2	1	1	1	1	1	1	0	0	1	1	1	2	2	2	2	2	2	2	2	1	0	1	1	1	2	2	1	2	1	1	1	1	1	0	0	1	1	1	1	1	570
49	UT	1	3185	1763	0	17	0	0	0	1780	452	277	1034	0	0	3	0	8	25	1	169	55	0	2024	2941	1	1	120	1	2	-8	3	2938	0	2941	2568	373	0	2941	1892	134	701	114	31	59	0	0	10	2941	797	500	731	631	40	241	1	2941	2222	0	0	134	120	465	0	2941	2	-8	-8	-8	-8	2941	0	0	0	0	0	2941	1	-9	-9	0	0	0	0	0	0	0	0	0	2941	0	120	0	2	2	2	2	2	2	2	2	2	2	2	2	2	2	2	2	2	2	2	2	2	2	2	2	2	2	2	2	2	2	2	2	2	2	2	2	2	2	2	2	2	2	2	2	2	2	2	2	2	2	2	2	2	2	2	2	2	2	2	2	2	2	2	2	2	2	2	2	2	2	0	0	150
50	VT	1	1087	400	-8	110	0	3	0	513	347	80	75	-8	16	0	0	0	6	-8	-8	44	0	568	1032	1	1	65	1	1	34	2	967	63	1032	869	163	0	1032	961	44	-9	10	1	-9	-9	-8	16	1032	32	211	246	140	-9	382	21	1032	953	-9	0	14	65	-8	-8	1032	1	-9	-9	16	-9	1032	-8	-8	-8	-8	-8	1032	1	2	0	0	0	0	0	0	0	0	0	0	1032	0	65	0	1	1	0	1	1	1	1	1	1	1	1	0	1	1	1	1	1	0	0	1	1	1	1	1	1	1	1	1	1	1	1	1	1	1	1	0	1	1	0	0	0	1	1	1	1	1	1	0	1	1	1	1	0	1	1	1	0	0	1	0	0	1	0	1	0	0	0	0	0	1	1	1	206
51	VA	1	2565	331	671	44	0	14	-9	1060	562	191	34	0	0	14	0	5	29	166	0	0	0	1001	2624	1	1	6	2	2	-8	0	2624	0	2624	2504	119	1	2624	821	1779	15	1	6	0	0	0	2	2624	413	1445	496	80	153	0	37	2624	2624	0	0	0	0	0	0	2624	1	1365	-8	-8	-8	999	1625	0	0	0	0	2624	1	9	5	0	0	0	0	0	0	0	0	0	2624	0	0	6	2	2	2	2	2	2	2	2	2	2	2	2	2	2	2	2	2	2	2	2	2	2	2	2	2	2	2	2	2	2	2	2	2	2	2	2	2	2	2	2	2	2	2	2	2	2	2	2	2	2	2	2	2	2	2	2	2	2	2	2	2	2	2	2	2	2	2	2	2	2	2	2	43
53	WA	1	6563	28	5705	0	0	0	0	5733	4553	-9	-9	-9	0	0	0	0	143	85	559	0	0	5340	6956	1	1	196	1	2	-8	0	6956	0	6956	6290	666	0	6956	4543	1283	610	308	185	1	16	-8	10	6956	1552	2626	907	1752	-9	118	1	6956	5382	0	852	526	196	0	0	6956	1	-9	360	1	71	28	6928	0	0	0	0	6956	1	140	140	0	0	0	0	0	0	0	0	0	6956	0	196	0	2	2	2	2	2	2	2	2	2	0	0	0	2	2	2	2	2	2	2	2	2	2	2	2	2	2	2	2	2	2	2	2	2	2	2	2	2	2	2	2	0	2	2	2	2	2	2	0	2	2	2	2	2	2	2	2	2	2	2	0	2	2	2	2	2	2	2	2	2	2	2	2	134
54	WV	1	1889	1302	0	0	0	0	0	1302	847	9	493	0	0	0	37	0	9	0	0	0	0	1395	1796	1	1	359	1	2	-8	0	1796	0	1796	1390	406	0	1796	1577	205	7	0	0	0	0	7	0	1796	47	294	537	466	38	414	0	1796	1352	0	85	0	359	0	0	1796	2	-8	-8	-8	-8	1796	0	0	0	0	0	1796	1	4	4	0	0	0	0	0	0	0	0	0	1796	0	359	0	2	2	2	2	2	2	2	2	2	2	2	2	2	2	2	2	2	2	2	2	2	2	2	2	2	2	2	2	2	2	2	2	2	2	2	2	2	2	2	2	2	2	2	2	2	2	2	2	2	2	2	2	2	2	2	2	2	2	2	2	2	2	2	2	2	2	2	2	2	2	2	2	124
55	WI	1	19499	231	951	0	5717	96	0	6995	3784	919	2019	-8	0	0	0	0	87	89	32	0	0	6930	19572	1	1	1423	1	2	-8	297	18929	346	19572	17728	1844	0	19572	9408	7604	1721	594	166	-9	-9	73	6	19572	-9	-9	-9	-9	-9	-9	19572	19572	16514	0	0	1060	1423	575	0	19572	1	1848	-9	695	-9	1882	2413	-9	14981	296	0	19572	1	222	220	0	0	0	0	0	0	0	0	0	19572	0	1423	0	2	2	2	2	2	2	2	2	2	2	2	0	2	2	2	2	2	2	2	2	2	2	2	2	2	2	2	2	2	2	2	2	2	2	2	2	2	2	2	0	2	2	2	0	0	0	0	0	0	2	2	2	2	2	2	2	2	2	2	2	0	2	0	2	2	0	2	2	2	2	2	2	446
56	WY	1	749	-9	-9	-9	-9	-9	360	360	241	49	50	0	0	0	-9	-9	0	0	0	0	87	427	682	1	1	108	1	1	-9	0	682	0	682	568	108	6	682	540	36	74	22	1	2	1	0	6	682	90	127	206	192	3	36	28	682	574	0	0	0	108	0	0	682	1	-9	-9	-9	-9	682	0	0	0	0	0	682	1	1	1	0	0	0	0	0	0	0	0	0	682	0	108	0	1	0	0	0	0	0	1	1	2	2	2	2	2	2	0	0	2	2	2	2	1	1	2	2	0	2	2	2	2	2	2	2	2	2	2	2	2	2	2	2	2	2	2	2	2	2	2	2	2	2	2	2	2	2	2	2	2	2	2	0	0	0	0	2	2	2	2	2	2	2	2	2	163
